Reports & Masters,Laporan & Master
Supplier,Pemasok
Suppliers,Pemasok
Stock,Persediaan
Leaderboard,Papan Peringkat
LeaderBoard,Papan Peringkat
Letter Head,Kop Surat
Letter Heads,Kop Surat
Sales Invoice,Tagihan
Sales Invoices,Tagihan
Customer,Penjamin
Customers,Penjamin
Customer Group,Kelompok Penjamin
Customer Groups,Kelompok Penjamin
Item,Item
Items,Item
Item Group,Kelompok Item
Item Groups,Kelompok Item
Price List,Daftar Tarif
Item Price,Tarif Item
Healthcare Practitioner,Tenaga Kesehatan
Healthcare Practitioners,Tenaga Kesehatan
Practitioner Schedule,Jadwal Praktik
Appointment Type,Jenis Appointment
Patient Appointment,Janji Temu Pasien
Patient Encounter,Pemeriksaan Pasien
Clinical Procedure,Tindakan Medis
Vital Signs,Tanda Vital
Lab Test,Pemeriksaan Lab
Medication,Obat
Healthcare Service Unit,Unit Pelayanan
Healthcare Service Units,Unit Pelayanan
Home,Beranda
Reset Password,Atur Ulang Kata Sandi
Reset the password for your account,Ganti kata sandi akun Anda
Manage third party apps,Kelola aplikasi pihak ketiga
To manage your authorized third party apps,Atur aplikasi pihak ketiga yang diberi akses ke akun Anda
Manage your apps,Kelola aplikasi Anda
Login,Masuk
Log In,Masuk
Forgot Password,Lupa Kata Sandi
Forgot Password?,Lupa Kata Sandi?
Payment Entry,Penerimaan & Pembayaran
Payment Entries,Penerimaan & Pembayaran
Purchase Order,Pesanan Pembelian
Purchase Orders,Pesanan Pembelian
General Ledger,Buku Besar
Journal Entry,Jurnal Umum
Journal Entries,Jurnal Umum
Chart of Accounts,Bagan Akun
Mode of Payment,Metode Pembayaran
Employee,Karyawan
Employees,Karyawan
Leave Application,Pengajuan Cuti
Leave Applications,Pengajuan Cuti
Leave Allocation,Saldo Cuti
Attendance,Kehadiran
Shift Assignment,Penugasan Shift
Holiday List,Daftar Hari Libur
Payroll Entry,Penggajian
Department,Departemen
Departments,Departemen
Designation,Jabatan
Designations,Jabatan
Workflow,Alur Persetujuan
Workflow State,Status Alur
Email Account,Akun Email
Notification,Notifikasi
System Settings,Pengaturan Sistem
Translation,Terjemahan
Print Format,Format Cetak
User,Pengguna
Users,Pengguna
Role,Peran
User Permission,Pembatasan Pengguna
Patient,Pasien
Patients,Pasien
Appointment,Appointment
Appointments,Appointment
"Search or type a command ({0})","Cari atau ketik perintah ({0})"
